incident_address,new
ARMED,Location Redacted
ASSAULT,Location Redacted
ASSIST,Location Redacted
AUTO,Location Redacted
CARJACKING,Location Redacted
DEATH,Location Redacted
DESTRUCTION,Location Redacted
FATAL,Location Redacted
FELONIOUS,Location Redacted
INVESTIGATION,Location Redacted
KIDNAPPING,Location Redacted
LARCENY,Location Redacted
LOOK OUT,Location Redacted
MISSING,Location Redacted
NARCOTICS,Location Redacted
REMARKS,Location Redacted
REPORT,Location Redacted
ROBBERY,Location Redacted
SERIOUS,Location Redacted
SHOOTING,Location Redacted
SHOT,Location Redacted
SPEC ATTEN,Location Redacted
SPEC ATTN,Location Redacted
SPECIAL ATTENTION,Location Redacted
STABBED,Location Redacted
UNIT,Location Redacted
WEAPON,Location Redacted
chasing,Location Redacted